<?xml version="1.0" encoding="UTF-8" ?>
<feedback>
  <report_metadata>
    <org_name>google.com</org_name>
    <email>noreply-dmarc-support@google.com</email>
    <extra_contact_info>https://support.google.com/a/answer/2466580</extra_contact_info>
    <report_id>5713213590119692620</report_id>
    <date_range>
      <begin>1501372800</begin>
      <end>1501459199</end>
    </date_range>
  </report_metadata>
  <policy_published>
    <domain>glenjarvis.com</domain>
    <adkim>r</adkim>
    <aspf>r</aspf>
    <p>reject</p>
    <sp>reject</sp>
    <pct>100</pct>
  </policy_published>
  <record>
    <row>
      <source_ip>185.70.40.22</source_ip>
      <count>1</count>
      <policy_evaluated>
        <disposition>none</disposition>
        <dkim>pass</dkim>
        <spf>pass</spf>
      </policy_evaluated>
    </row>
    <identifiers>
      <header_from>glenjarvis.com</header_from>
    </identifiers>
    <auth_results>
      <dkim>
        <domain>glenjarvis.com</domain>
        <result>pass</result>
        <selector>protonmail</selector>
      </dkim>
      <spf>
        <domain>glenjarvis.com</domain>
        <result>pass</result>
      </spf>
    </auth_results>
  </record>
</feedback>
